{"dataset_name": "dataset_name", "dataset_path": "C:\\Users\\franc\\Desktop\\PROJECTS\\PROJECTS\\RASTA\\dataset", "is_cached": false, "kernel": "1**2 * Matern(length_scale=1, nu=1.5)", "acq_func": "LCB", "surrogate_model": "RF", "optimization_type": "Maximize", "model_runs": 5, "save_models": false, "save_step": 1, "save_name": "result", "save_path": "C:\\Users\\franc\\Desktop\\PROJECTS\\PROJECTS\\RASTA\\risultati\\LDA\\result_TD/", "early_stop": false, "early_step": 5, "plot_model": false, "plot_best_seen": false, "plot_name": "B0_plot", "log_scale_plot": false, "search_space": {"alpha": ["Real", [0.001, 5.0], "uniform"], "eta": ["Real", [0.001, 5.0], "uniform"], "num_topics": ["Integer", [5, 15], "uniform"]}, "model_name": "LDA", "model_attributes": {"distributed": false, "chunksize": 2000, "passes": 1, "update_every": 1, "eta": 4.3847759024374495, "decay": 0.5, "offset": 1.0, "eval_every": 10, "iterations": 50, "gamma_threshold": 0.001}, "use_partitioning": false, "metric_name": "TopicDiversity", "extra_metric_names": [], "metric_attributes": {"topk": 10}, "extra_metric_attributes": {}, "current_call": 29, "number_of_call": 30, "random_state": false, "x0": {}, "y0": [], "n_random_starts": 1, "initial_point_generator": "lhs", "topk": 10, "time_eval": [1.987701416015625, 2.0009243488311768, 3.4535224437713623, 2.516969919204712, 2.525343418121338, 5.070052623748779, 3.6817498207092285, 3.4019362926483154, 6.612037658691406, 3.096766948699951, 3.335470676422119, 4.633897542953491, 6.5271289348602295, 5.729722261428833, 7.265492916107178, 7.588354825973511, 5.107936382293701, 7.433940172195435, 6.285541296005249, 7.1647350788116455, 5.036463022232056, 6.945061445236206, 4.5704169273376465, 6.2371015548706055, 2.1897244453430176, 4.1860363483428955, 4.784677982330322, 4.46231746673584, 4.39143705368042, 4.331122159957886], "dict_model_runs": {"TopicDiversity": {"iteration_0": [0.11333333333333333, 0.11333333333333333, 0.11333333333333333, 0.11333333333333333, 0.12], "iteration_1": [0.32, 0.3, 0.3, 0.3, 0.3], "iteration_2": [0.26666666666666666, 0.26666666666666666, 0.23333333333333334, 0.2833333333333333, 0.3], "iteration_3": [0.14166666666666666, 0.14166666666666666, 0.14166666666666666, 0.15, 0.14166666666666666], "iteration_4": [0.11333333333333333, 0.11333333333333333, 0.10666666666666667, 0.1, 0.11333333333333333], "iteration_5": [0.3076923076923077, 0.3769230769230769, 0.36923076923076925, 0.33076923076923076, 0.35384615384615387], "iteration_6": [0.26666666666666666, 0.2833333333333333, 0.25, 0.26666666666666666, 0.26666666666666666], "iteration_7": [0.32, 0.32, 0.3, 0.3, 0.3], "iteration_8": [0.33076923076923076, 0.36153846153846153, 0.3076923076923077, 0.3153846153846154, 0.3384615384615385], "iteration_9": [0.12142857142857143, 0.12142857142857143, 0.12142857142857143, 0.12142857142857143, 0.12857142857142856], "iteration_10": [0.13076923076923078, 0.13846153846153847, 0.13076923076923078, 0.13076923076923078, 0.13076923076923078], "iteration_11": [0.3384615384615385, 0.2923076923076923, 0.36153846153846153, 0.33076923076923076, 0.3769230769230769], "iteration_12": [0.19230769230769232, 0.16153846153846155, 0.17692307692307693, 0.17692307692307693, 0.16923076923076924], "iteration_13": [0.3, 0.32, 0.36, 0.32666666666666666, 0.31333333333333335], "iteration_14": [0.3, 0.29333333333333333, 0.30666666666666664, 0.26666666666666666, 0.31333333333333335], "iteration_15": [0.2785714285714286, 0.2357142857142857, 0.2785714285714286, 0.2571428571428571, 0.2357142857142857], "iteration_16": [0.32666666666666666, 0.36666666666666664, 0.4066666666666667, 0.35333333333333333, 0.3333333333333333], "iteration_17": [0.3333333333333333, 0.3333333333333333, 0.36, 0.32666666666666666, 0.36], "iteration_18": [0.28, 0.26, 0.29333333333333333, 0.26, 0.29333333333333333], "iteration_19": [0.325, 0.3, 0.2833333333333333, 0.3, 0.30833333333333335], "iteration_20": [0.33636363636363636, 0.33636363636363636, 0.3090909090909091, 0.3181818181818182, 0.36363636363636365], "iteration_21": [0.2785714285714286, 0.25, 0.25, 0.2714285714285714, 0.2571428571428571], "iteration_22": [0.36666666666666664, 0.36, 0.36, 0.3466666666666667, 0.3333333333333333], "iteration_23": [0.35, 0.3, 0.31666666666666665, 0.35833333333333334, 0.35], "iteration_24": [0.16666666666666666, 0.17777777777777778, 0.17777777777777778, 0.17777777777777778, 0.18888888888888888], "iteration_25": [0.3875, 0.3875, 0.4375, 0.4125, 0.3625], "iteration_26": [0.3625, 0.3625, 0.4, 0.375, 0.4], "iteration_27": [0.32222222222222224, 0.36666666666666664, 0.36666666666666664, 0.3888888888888889, 0.3333333333333333], "iteration_28": [0.36, 0.35, 0.38, 0.34, 0.36], "iteration_29": [0.46, 0.5, 0.42, 0.42, 0.46]}}, "f_val": [0.11333333333333333, 0.3, 0.26666666666666666, 0.14166666666666666, 0.11333333333333333, 0.35384615384615387, 0.26666666666666666, 0.3, 0.33076923076923076, 0.12142857142857143, 0.13076923076923078, 0.3384615384615385, 0.17692307692307693, 0.32, 0.3, 0.2571428571428571, 0.35333333333333333, 0.3333333333333333, 0.28, 0.3, 0.33636363636363636, 0.2571428571428571, 0.36, 0.35, 0.17777777777777778, 0.3875, 0.375, 0.36666666666666664, 0.36, 0.46], "x_iters": {"alpha": [2.43075056778473, 2.964630246506867, 1.611829307557815, 4.509781223032633, 3.743369773896765, 0.04695574258861287, 1.2894659204961765, 1.536613827249687, 0.20435123419152432, 1.3028482507210415, 1.1018582336554545, 0.06600241171586102, 0.5278450812737249, 0.22628492456470556, 0.37096176135066455, 0.4011332336472519, 0.0994196420974363, 0.32281982560663364, 0.38321131034651135, 0.38719531985303607, 0.05294556236235499, 0.40878136198695186, 0.07488007056063527, 0.07219946213876083, 3.2488516934558467, 0.08671479540533819, 0.08950766638361994, 0.14930107462454628, 0.16335021004960754, 0.18353211266125663], "eta": [3.4288758752376007, 1.919865564777205, 2.9861546717874874, 0.9548581064535537, 1.0214903707794427, 3.958236302750106, 0.5262259976121065, 3.6234732361142163, 3.3761597096170393, 3.4359734932615575, 4.58872730508751, 3.226354248589471, 4.900181174025093, 3.3879401045247812, 3.4864136727428785, 3.3050495711399868, 4.293101302465387, 4.037481689046255, 0.15679042532353005, 3.8880879991600197, 0.36016272134523925, 4.132661113862835, 1.208027667767453, 0.28042009009971386, 1.8848511998841395, 4.657715857091183, 4.683075266757585, 4.200825611639652, 4.4161396038858625, 4.3847759024374495], "num_topics": [15, 5, 6, 12, 15, 13, 6, 5, 13, 14, 13, 13, 13, 15, 15, 14, 15, 15, 15, 12, 11, 14, 15, 12, 9, 8, 8, 9, 10, 5]}}