{"dataset_name": "dataset_name", "dataset_path": "/content/dataset_LDA", "is_cached": false, "kernel": "1**2 * Matern(length_scale=1, nu=1.5)", "acq_func": "LCB", "surrogate_model": "RF", "optimization_type": "Maximize", "model_runs": 5, "save_models": false, "save_step": 1, "save_name": "result", "save_path": "/content/results_td/", "early_stop": false, "early_step": 5, "plot_model": false, "plot_best_seen": false, "plot_name": "B0_plot", "log_scale_plot": false, "search_space": {"alpha": ["Real", [0.001, 5.0], "uniform"], "eta": ["Real", [0.001, 5.0], "uniform"], "num_topics": ["Integer", [5, 12], "uniform"]}, "model_name": "LDA", "model_attributes": {"distributed": false, "chunksize": 2000, "passes": 1, "update_every": 1, "eta": 2.9577160961868625, "decay": 0.5, "offset": 1.0, "eval_every": 10, "iterations": 50, "gamma_threshold": 0.001}, "use_partitioning": false, "metric_name": "TopicDiversity", "extra_metric_names": [], "metric_attributes": {"topk": 10}, "extra_metric_attributes": {}, "current_call": 29, "number_of_call": 30, "random_state": false, "x0": {}, "y0": [], "n_random_starts": 1, "initial_point_generator": "lhs", "topk": 10, "time_eval": [75.54942774772644, 53.343268156051636, 76.6727967262268, 51.17095732688904, 64.2447760105133, 70.36604690551758, 70.39085268974304, 63.890936613082886, 53.46166968345642, 59.50533747673035, 56.55541467666626, 56.1561017036438, 66.1439995765686, 55.66573905944824, 57.043402433395386, 55.826606035232544, 64.86028909683228, 54.24804139137268, 58.945096015930176, 61.38609504699707, 54.99227833747864, 56.3992486000061, 59.62291741371155, 65.28187155723572, 64.89644432067871, 67.17634701728821, 72.16012525558472, 68.19772839546204, 75.19445180892944, 64.28050923347473], "dict_model_runs": {"TopicDiversity": {"iteration_0": [0.25833333333333336, 0.25833333333333336, 0.25833333333333336, 0.26666666666666666, 0.25833333333333336], "iteration_1": [0.44, 0.4, 0.46, 0.48, 0.44], "iteration_2": [0.25833333333333336, 0.31666666666666665, 0.24166666666666667, 0.2833333333333333, 0.26666666666666666], "iteration_3": [0.48, 0.36, 0.44, 0.48, 0.44], "iteration_4": [0.35714285714285715, 0.35714285714285715, 0.37142857142857144, 0.35714285714285715, 0.35714285714285715], "iteration_5": [0.45714285714285713, 0.45714285714285713, 0.4142857142857143, 0.38571428571428573, 0.4], "iteration_6": [0.28, 0.31, 0.27, 0.24, 0.26], "iteration_7": [0.35, 0.3375, 0.3625, 0.35, 0.3375], "iteration_8": [0.46, 0.48, 0.46, 0.44, 0.44], "iteration_9": [0.45, 0.48333333333333334, 0.4166666666666667, 0.4, 0.45], "iteration_10": [0.4, 0.4166666666666667, 0.45, 0.36666666666666664, 0.4666666666666667], "iteration_11": [0.43333333333333335, 0.4, 0.4166666666666667, 0.43333333333333335, 0.43333333333333335], "iteration_12": [0.4, 0.32857142857142857, 0.34285714285714286, 0.4, 0.35714285714285715], "iteration_13": [0.4666666666666667, 0.5, 0.48333333333333334, 0.5166666666666667, 0.4666666666666667], "iteration_14": [0.45, 0.45, 0.38333333333333336, 0.4166666666666667, 0.4166666666666667], "iteration_15": [0.38333333333333336, 0.4666666666666667, 0.48333333333333334, 0.4166666666666667, 0.35], "iteration_16": [0.4142857142857143, 0.4142857142857143, 0.32857142857142857, 0.42857142857142855, 0.4142857142857143], "iteration_17": [0.48, 0.5, 0.52, 0.46, 0.54], "iteration_18": [0.4166666666666667, 0.5833333333333334, 0.5333333333333333, 0.48333333333333334, 0.45], "iteration_19": [0.48333333333333334, 0.4166666666666667, 0.43333333333333335, 0.5, 0.48333333333333334], "iteration_20": [0.5, 0.5166666666666667, 0.5166666666666667, 0.5166666666666667, 0.45], "iteration_21": [0.5, 0.43333333333333335, 0.4166666666666667, 0.5333333333333333, 0.4], "iteration_22": [0.4666666666666667, 0.43333333333333335, 0.45, 0.4, 0.48333333333333334], "iteration_23": [0.42857142857142855, 0.5142857142857142, 0.44285714285714284, 0.5, 0.4857142857142857], "iteration_24": [0.4857142857142857, 0.4857142857142857, 0.5142857142857142, 0.5, 0.45714285714285713], "iteration_25": [0.5, 0.42857142857142855, 0.44285714285714284, 0.5, 0.4714285714285714], "iteration_26": [0.425, 0.3875, 0.4, 0.45, 0.45], "iteration_27": [0.4375, 0.5125, 0.45, 0.5375, 0.4625], "iteration_28": [0.41, 0.38, 0.48, 0.36, 0.44], "iteration_29": [0.4625, 0.4125, 0.5125, 0.4625, 0.3875]}}, "f_val": [0.25833333333333336, 0.44, 0.26666666666666666, 0.44, 0.35714285714285715, 0.4142857142857143, 0.27, 0.35, 0.46, 0.45, 0.4166666666666667, 0.43333333333333335, 0.35714285714285715, 0.48333333333333334, 0.4166666666666667, 0.4166666666666667, 0.4142857142857143, 0.5, 0.48333333333333334, 0.48333333333333334, 0.5166666666666667, 0.43333333333333335, 0.45, 0.4857142857142857, 0.4857142857142857, 0.4714285714285714, 0.425, 0.4625, 0.41, 0.4625], "x_iters": {"alpha": [2.43075056778473, 2.964630246506867, 2.3634135137764654, 4.059225947208436, 3.92601608170656, 1.3584994141855624, 2.9126166249401573, 4.39683123107909, 3.3802348186915525, 1.72018663778202, 1.9909596462317447, 2.7869023658378187, 2.8843269259877258, 0.21949881444792294, 4.156322015336648, 1.6427956019140104, 1.7337334008289549, 0.47221201929991913, 0.5241248353164595, 0.5402547780322631, 0.24634471149658568, 0.9688569322413988, 0.7276460122499622, 0.25193906671054717, 0.03814891872723272, 0.08593631720108434, 0.24894691761319382, 0.24289140948602878, 0.2450517788838031, 0.246911266994746], "eta": [3.4288758752376007, 1.919865564777205, 0.3903258306102807, 3.0907360552309604, 4.32157959493618, 1.2153303092250276, 3.1659087912802306, 0.7133464826009853, 2.522284884903562, 1.6324763051169247, 4.211650431588248, 4.718720308316858, 2.2073911507787365, 4.537696488983425, 3.5105443906013614, 4.218992409978564, 2.884984835633626, 1.2744674960214908, 0.43287871292864594, 2.3121714392812467, 4.751834261293508, 4.59547626723149, 4.58117502729662, 1.1876060779414048, 3.262074608048895, 1.7582361265314552, 1.3323440480227386, 0.49582763245277595, 3.7473605429722223, 2.9577160961868625], "num_topics": [12, 5, 12, 5, 7, 7, 10, 8, 5, 6, 6, 6, 7, 6, 6, 6, 7, 5, 6, 6, 6, 6, 6, 7, 7, 7, 8, 8, 10, 8]}}