{"dataset_name": "dataset_name", "dataset_path": "/content/dataset_LDA", "is_cached": false, "kernel": "1**2 * Matern(length_scale=1, nu=1.5)", "acq_func": "LCB", "surrogate_model": "RF", "optimization_type": "Maximize", "model_runs": 5, "save_models": false, "save_step": 1, "save_name": "result", "save_path": "/content/result_td/", "early_stop": false, "early_step": 5, "plot_model": false, "plot_best_seen": false, "plot_name": "B0_plot", "log_scale_plot": false, "search_space": {"alpha": ["Real", [0.001, 5.0], "uniform"], "eta": ["Real", [0.001, 5.0], "uniform"], "num_topics": ["Integer", [5, 15], "uniform"]}, "model_name": "LDA", "model_attributes": {"distributed": false, "chunksize": 2000, "passes": 1, "update_every": 1, "eta": 4.173876250554656, "decay": 0.5, "offset": 1.0, "eval_every": 10, "iterations": 50, "gamma_threshold": 0.001}, "use_partitioning": false, "metric_name": "TopicDiversity", "extra_metric_names": [], "metric_attributes": {"topk": 10}, "extra_metric_attributes": {}, "current_call": 29, "number_of_call": 30, "random_state": false, "x0": {}, "y0": [], "n_random_starts": 1, "initial_point_generator": "lhs", "topk": 10, "time_eval": [81.27152872085571, 53.75609755516052, 61.13698148727417, 77.76825094223022, 74.24396705627441, 79.17114329338074, 61.32726550102234, 60.96568703651428, 56.486456871032715, 72.03515720367432, 64.25530409812927, 67.82227754592896, 70.06837272644043, 71.63576412200928, 74.55583262443542, 57.650604009628296, 70.2864408493042, 57.89962458610535, 53.96207022666931, 54.36802411079407, 53.419488191604614, 53.43593716621399, 53.44455695152283, 52.638476610183716, 52.24330258369446, 59.176339864730835, 54.48028779029846, 53.00568723678589, 55.63673496246338, 53.19549870491028], "dict_model_runs": {"TopicDiversity": {"iteration_0": [0.20666666666666667, 0.22, 0.21333333333333335, 0.22666666666666666, 0.20666666666666667], "iteration_1": [0.44, 0.48, 0.48, 0.42, 0.44], "iteration_2": [0.43333333333333335, 0.43333333333333335, 0.38333333333333336, 0.4166666666666667, 0.4], "iteration_3": [0.24166666666666667, 0.25, 0.26666666666666666, 0.25, 0.25833333333333336], "iteration_4": [0.21333333333333335, 0.22, 0.23333333333333334, 0.22, 0.21333333333333335], "iteration_5": [0.3076923076923077, 0.3769230769230769, 0.36923076923076925, 0.34615384615384615, 0.33076923076923076], "iteration_6": [0.4166666666666667, 0.43333333333333335, 0.4166666666666667, 0.45, 0.5], "iteration_7": [0.43333333333333335, 0.4666666666666667, 0.43333333333333335, 0.4166666666666667, 0.45], "iteration_8": [0.38333333333333336, 0.36666666666666664, 0.4166666666666667, 0.38333333333333336, 0.45], "iteration_9": [0.2777777777777778, 0.3333333333333333, 0.28888888888888886, 0.28888888888888886, 0.3333333333333333], "iteration_10": [0.34285714285714286, 0.34285714285714286, 0.37142857142857144, 0.35714285714285715, 0.35714285714285715], "iteration_11": [0.35714285714285715, 0.35714285714285715, 0.4, 0.34285714285714286, 0.4], "iteration_12": [0.3625, 0.3875, 0.3875, 0.325, 0.425], "iteration_13": [0.4375, 0.4375, 0.3375, 0.3375, 0.4], "iteration_14": [0.375, 0.375, 0.4, 0.4, 0.4125], "iteration_15": [0.36666666666666664, 0.43333333333333335, 0.38333333333333336, 0.4166666666666667, 0.36666666666666664], "iteration_16": [0.325, 0.3625, 0.3625, 0.3625, 0.3625], "iteration_17": [0.3333333333333333, 0.43333333333333335, 0.4166666666666667, 0.4166666666666667, 0.45], "iteration_18": [0.42, 0.42, 0.4, 0.42, 0.48], "iteration_19": [0.46, 0.5, 0.38, 0.5, 0.48], "iteration_20": [0.44, 0.42, 0.5, 0.46, 0.48], "iteration_21": [0.46, 0.42, 0.44, 0.46, 0.42], "iteration_22": [0.4, 0.5, 0.54, 0.38, 0.44], "iteration_23": [0.36, 0.46, 0.4, 0.44, 0.34], "iteration_24": [0.46, 0.48, 0.46, 0.44, 0.44], "iteration_25": [0.36666666666666664, 0.4166666666666667, 0.38333333333333336, 0.4, 0.38333333333333336], "iteration_26": [0.46, 0.44, 0.48, 0.42, 0.42], "iteration_27": [0.5, 0.52, 0.5, 0.46, 0.46], "iteration_28": [0.46, 0.42, 0.46, 0.44, 0.44], "iteration_29": [0.42, 0.5, 0.48, 0.4, 0.46]}}, "f_val": [0.21333333333333335, 0.44, 0.4166666666666667, 0.25, 0.22, 0.34615384615384615, 0.43333333333333335, 0.43333333333333335, 0.38333333333333336, 0.28888888888888886, 0.35714285714285715, 0.35714285714285715, 0.3875, 0.4, 0.4, 0.38333333333333336, 0.3625, 0.4166666666666667, 0.42, 0.48, 0.46, 0.44, 0.44, 0.4, 0.46, 0.38333333333333336, 0.44, 0.5, 0.44, 0.46], "x_iters": {"alpha": [2.43075056778473, 2.964630246506867, 1.611829307557815, 4.509781223032633, 3.743369773896765, 0.04695574258861287, 1.2894659204961765, 1.3763790441966024, 4.5334720223954745, 3.3467885725410627, 4.239974294117635, 3.2399706912386437, 2.1505526483327255, 0.5723161828476346, 0.809296766506812, 3.499132091610843, 1.4126603118578345, 3.912755942546175, 4.26995813031276, 3.1746898086092625, 3.189218042593143, 3.3339874626662573, 3.298713743865504, 4.977761716105689, 3.2101172429147153, 3.0919618604207004, 3.2177106694435027, 3.0834966730622186, 3.061467255859847, 3.106296084417623], "eta": [3.4288758752376007, 1.919865564777205, 2.9861546717874874, 0.9548581064535537, 1.0214903707794427, 3.958236302750106, 0.5262259976121065, 0.2771727325133071, 0.2396649458631599, 1.4675789005805264, 4.165600104591093, 0.8523465193969799, 4.366023732576234, 4.810440424376744, 0.375970809418626, 3.38406889653791, 3.4103845037279297, 1.3574937753319178, 0.5114924698819366, 0.8696464051099672, 0.6930287163115761, 3.5154097713862993, 3.407528113740557, 3.282863526751152, 3.6743433421905203, 1.1416091397717767, 1.8226592904201155, 4.362306797965779, 4.496209010718394, 4.173876250554656], "num_topics": [15, 5, 6, 12, 15, 13, 6, 6, 6, 9, 7, 7, 8, 8, 8, 6, 8, 6, 5, 5, 5, 5, 5, 5, 5, 6, 5, 5, 5, 5]}}