{"dataset_name": "dataset_name", "dataset_path": "../datasetNostriPOI/dataset_LDA_zipf", "is_cached": false, "kernel": "1**2 * Matern(length_scale=1, nu=1.5)", "acq_func": "LCB", "surrogate_model": "RF", "optimization_type": "Maximize", "model_runs": 5, "save_models": false, "save_step": 1, "save_name": "result", "save_path": "../risultati/NostriPOI/LDA/results_TD/", "early_stop": false, "early_step": 5, "plot_model": false, "plot_best_seen": false, "plot_name": "B0_plot", "log_scale_plot": false, "search_space": {"alpha": ["Real", [0.001, 5.0], "uniform"], "eta": ["Real", [0.001, 5.0], "uniform"], "num_topics": ["Integer", [5, 12], "uniform"]}, "model_name": "LDA", "model_attributes": {"distributed": false, "chunksize": 2000, "passes": 1, "update_every": 1, "eta": 0.35438194436413784, "decay": 0.5, "offset": 1.0, "eval_every": 10, "iterations": 50, "gamma_threshold": 0.001}, "use_partitioning": false, "metric_name": "TopicDiversity", "extra_metric_names": [], "metric_attributes": {"topk": 10}, "extra_metric_attributes": {}, "current_call": 29, "number_of_call": 30, "random_state": false, "x0": {}, "y0": [], "n_random_starts": 1, "initial_point_generator": "lhs", "topk": 10, "time_eval": [179.87117910385132, 123.71564960479736, 134.9724748134613, 67.88575148582458, 92.03250646591187, 124.1843843460083, 141.55385994911194, 83.74560928344727, 68.67330050468445, 89.29270434379578, 97.4992847442627, 84.85754084587097, 96.6763551235199, 61.52534508705139, 87.47558903694153, 96.00746774673462, 106.31601166725159, 122.08709001541138, 101.90290117263794, 94.84654426574707, 73.27313327789307, 78.5566418170929, 91.05436277389526, 168.31010150909424, 74.57345604896545, 65.25779318809509, 50.08859467506409, 49.36529302597046, 60.23030185699463, 59.75248885154724], "dict_model_runs": {"TopicDiversity": {"iteration_0": [0.23333333333333334, 0.2916666666666667, 0.24166666666666667, 0.24166666666666667, 0.25833333333333336], "iteration_1": [0.52, 0.48, 0.46, 0.5, 0.44], "iteration_2": [0.2833333333333333, 0.2916666666666667, 0.2833333333333333, 0.26666666666666666, 0.275], "iteration_3": [0.4, 0.42, 0.44, 0.46, 0.44], "iteration_4": [0.3142857142857143, 0.37142857142857144, 0.37142857142857144, 0.35714285714285715, 0.32857142857142857], "iteration_5": [0.4, 0.4, 0.4, 0.38571428571428573, 0.4], "iteration_6": [0.29, 0.32, 0.24, 0.31, 0.28], "iteration_7": [0.3125, 0.3, 0.3125, 0.35, 0.35], "iteration_8": [0.36666666666666664, 0.38333333333333336, 0.4, 0.38333333333333336, 0.43333333333333335], "iteration_9": [0.48, 0.46, 0.42, 0.38, 0.42], "iteration_10": [0.6, 0.44, 0.48, 0.48, 0.5], "iteration_11": [0.48, 0.54, 0.52, 0.54, 0.48], "iteration_12": [0.48, 0.42, 0.5, 0.46, 0.48], "iteration_13": [0.4166666666666667, 0.5166666666666667, 0.45, 0.4666666666666667, 0.45], "iteration_14": [0.45, 0.5166666666666667, 0.5, 0.48333333333333334, 0.4666666666666667], "iteration_15": [0.5333333333333333, 0.35, 0.5, 0.48333333333333334, 0.5], "iteration_16": [0.45714285714285713, 0.45714285714285713, 0.42857142857142855, 0.42857142857142855, 0.45714285714285713], "iteration_17": [0.37142857142857144, 0.45714285714285713, 0.44285714285714284, 0.4714285714285714, 0.45714285714285713], "iteration_18": [0.44, 0.5, 0.44, 0.38, 0.42], "iteration_19": [0.45714285714285713, 0.45714285714285713, 0.44285714285714284, 0.4714285714285714, 0.42857142857142855], "iteration_20": [0.45, 0.4625, 0.3875, 0.4125, 0.5], "iteration_21": [0.4125, 0.4, 0.4125, 0.4625, 0.45], "iteration_22": [0.48, 0.54, 0.46, 0.56, 0.5], "iteration_23": [0.4666666666666667, 0.4, 0.3333333333333333, 0.4888888888888889, 0.3888888888888889], "iteration_24": [0.54, 0.54, 0.54, 0.56, 0.54], "iteration_25": [0.5333333333333333, 0.5333333333333333, 0.48333333333333334, 0.5, 0.45], "iteration_26": [0.4666666666666667, 0.55, 0.5, 0.5, 0.4666666666666667], "iteration_27": [0.5333333333333333, 0.5, 0.48333333333333334, 0.4666666666666667, 0.45], "iteration_28": [0.42857142857142855, 0.5, 0.4857142857142857, 0.5142857142857142, 0.42857142857142855], "iteration_29": [0.45, 0.425, 0.4625, 0.45, 0.475]}}, "f_val": [0.24166666666666667, 0.48, 0.2833333333333333, 0.44, 0.35714285714285715, 0.4, 0.29, 0.3125, 0.38333333333333336, 0.42, 0.48, 0.52, 0.48, 0.45, 0.48333333333333334, 0.5, 0.45714285714285713, 0.45714285714285713, 0.44, 0.45714285714285713, 0.45, 0.4125, 0.5, 0.4, 0.54, 0.5, 0.5, 0.48333333333333334, 0.4857142857142857, 0.45], "x_iters": {"alpha": [2.43075056778473, 2.964630246506867, 2.3634135137764654, 4.059225947208436, 3.92601608170656, 1.3584994141855624, 2.9126166249401573, 4.39683123107909, 4.483662912517557, 3.562273516635887, 0.10602174343300684, 0.014942759177212075, 2.009432996269397, 0.21949881444792294, 0.4858867898160773, 0.9160383747543244, 0.3421480506737849, 0.5334657077849181, 2.4040268401476075, 0.0647243260167811, 0.14133639972670908, 0.02382082095361413, 0.05647041736028564, 0.016314693027876484, 0.051072239988815764, 0.05317563607267281, 0.04557303778070158, 0.03891141679627048, 0.00385207979780861, 0.05491546563110087], "eta": [3.4288758752376007, 1.919865564777205, 0.3903258306102807, 3.0907360552309604, 4.32157959493618, 1.2153303092250276, 3.1659087912802306, 0.7133464826009853, 2.4578913133914124, 1.6802677904063865, 4.148817690656868, 4.058816685750729, 4.7658203098758145, 4.537696488983425, 3.9439623378136335, 3.641494001938182, 3.870951595063918, 4.010411760119106, 3.5004296497535465, 4.089315093353471, 4.80387627763433, 4.056926673320464, 0.0054883095844981584, 3.4973833429264967, 0.11907836593940381, 0.5444480391048828, 1.2433810053077563, 2.2164775656712044, 0.6453859947128603, 0.35438194436413784], "num_topics": [12, 5, 12, 5, 7, 7, 10, 8, 6, 5, 5, 5, 5, 6, 6, 6, 7, 7, 5, 7, 8, 8, 5, 9, 5, 6, 6, 6, 7, 8]}}